+380631669127;Dima;Sulym
+3811005725364;Fqahvb;Xnpytbbc;
+3844231400130;Dhpwiq;Yqjbwmdy;
+3826350681481;Tawcxj;Qhjfavhs;
+3883145044263;Bsafhe;Qrsphweg;
+3820256707673;Agplmo;Potvipgy;
+3887474587770;Pnbdto;Qxehhixs;
+3856234327830;Yblhka;Agjhkxbq;
+3820118232132;Irylbv;Ftpaktwd;
+3816571548640;Wsfuof;Acittull;
+3836300184425;Ylpoak;Jphgqxox;
+3817156863510;Egimdb;Njtxsykn;
+3811411470545;Xpnvgx;Afdwpmkb;
+3805865861703;Utgfcc;Ptrgmsrc;
+3828214073514;Gqugjs;Mfdmxncs;
+3880840431863;Lbckii;Ymllignc;
+3804315254188;Evavwc;Uaxspijq;
+3870008402573;Bqfxjk;Vaqeefgl;
+3860263801325;Gyucet;Hqfanwal;
+3840172564186;Lbqwqh;Kostumny;
+3853151631614;Etvoiq;Ufyykxrv;
+3854080575340;Fhmpov;Lapmvyki;
+3832544476415;Tjjiqc;Slcpwewe;
+3861426531738;Lldhns;Yxjcayod;
+3847715330843;Nabpxq;Psukybof;
+3836150602870;Nmgxwn;Htlvytjh;
+3880582212510;Ijfmwp;Fdtjyfnl;
+3886056721080;Twjcaf;Iqgasbir;
+3861317838212;Rdqxee;Pxwpvoux;
+3816380018605;Vopyku;Wbsetaea;
+3801472881806;Kimvlq;Kumqrqqh;
+3874836605131;Xngvde;Kykrtqev;
+3806315275528;Fhcrjc;Rcnwlifc;
+3841246682034;Mjjwrt;Lriykytq;
+3807461137661;Cddorc;Vipeyjmh;
+3838046566562;Rynmwq;Nthikwgy;
+3871655010885;Claiig;Ysknpfey;
+3830808760476;Kjxuco;Alglubtd;
+3818356650202;Tnmsxn;Laxbtoux;
+3803615036053;Nklook;Hucibgql;
+3878820412864;Rcokas;Aciqtldn;
+3812227562152;Gjlakf;Mxeopugc;
+3821588762041;Cffvlu;Nqxqnahm;
+3867774476161;Hajduf;Plhcpnmw;
+3881388225315;Brltum;Iuysouhv;
+3881110542617;Pobqxe;Jrreifxi;
+3835308641165;Ecgjwq;Djdpjxjb;
+3840226782200;Xpksog;Ionoinhi;
+3818637583500;Ywmuyv;Ppdovimi;
+3883617687601;Oauddm;Wgconfxs;
+3882681716480;Kmyvgj;Linyptsb;
+3812812772570;Ggylae;Etesvwym;
+3843304287827;Hxvyel;Pqhfqbyx;
+3880324171152;Mkmccy;Tnhnpdth;
+3817325255108;Nvtcxs;Ttwwmqqq;
+3832776540555;Crrqsw;Xscgqemt;
+3863762338701;Wjtjet;Mtjbjqxk;
+3848430312226;Brsugl;Houlqtnc;
+3806823187471;Bnubai;Wpyqwpfg;
+3801507654302;Vkhqwu;Rtmnoevm;
+3843821042581;Fflrjs;Cqiorrss;
+3824383406378;Ixrvqx;Fchihqmm;
+3826086124642;Jcongg;Pqvwvpnn;
+3821687524142;Gmxgwg;Jyrhoqxf;
+3855825775384;Rugqxr;Icmethgj;
+3885870251843;Hrdryn;Faodpgml;
+3841768458565;Gxrwna;Xkwjkyru;
+3841071150567;Sxmkcg;Vchmdhrw;
+3854181511305;Kgngta;Vgnnixfe;
+3830307566830;Ywwnoc;Uxhbqqhg;
+3847863584753;Falujj;Wylhchnd;
+3841584430310;Lfcmtm;Mesubafx;
+3874311668773;Taxpyt;Bdgvkpss;
+3851262641602;Xgcdbe;Pgkgwkvs;
+3844255538331;Ujakhn;Nmwrieef;
+3806107652478;Fmgbsx;Nubalgic;
+3851281528842;Tochlb;Akwxlsib;
+3807058583340;Bklcvx;Nfcyekjr;
+3884068658407;Tjtlhf;Dhsaqlhi;
+3843244762523;Ahbreb;Jbgymynp;
+3837041726368;Kwxafi;Sbrckyol;
+3881408026753;Ametvm;Swwipqro;
+3882808537603;Umouhk;Dgsremcm;
+3807447572035;Pnjlhp;Ahguylaq;
+3806112255515;Gietlg;Fkrsooev;
+3865044127006;Gsaged;Vvrpfahq;
+3816823120165;Mcoacj;Iofcychi;
+3872877581041;Qhewpk;Joimbuxf;
+3840337750381;Gaxbcw;Fkjtvgry;
+3858318533316;Aumcyr;Fpdmtmli;
+3803802622360;Krjebm;Lgvrpnmm;
+3831735006856;Vyduur;Rjcjdqlc;
+3843044241743;Qwvfmn;Rkbidyjc;
+3822148427452;Qlngka;Feeuxodn;
+3865831776625;Vkqxel;Swdyqunj;
+3875087156630;Hjtuds;Bhhhtpjx;
+3845452853212;Jgetls;Tjykhgxc;
+3828376570475;Kbgtki;Ddeweolb;
+3862416541631;Lihuuf;Ottlvltr;
+3816405085607;Ujncja;Gxrshsdf;
+3888317483833;Ohcjny;Ymonnmkv;
